{
    "release": {
        "id": "acs2018_5yr",
        "name": "ACS 2018 5-year",
        "years": "2014-2018"
    },
    "tables": {
        "B08105A": {
            "columns": {
                "B08105A001": {
                    "indent": 0,
                    "name": "Total:"
                },
                "B08105A002": {
                    "indent": 1,
                    "name": "Car, truck, or van - drove alone"
                },
                "B08105A003": {
                    "indent": 1,
                    "name": "Car, truck, or van - carpooled"
                },
                "B08105A004": {
                    "indent": 1,
                    "name": "Public transportation (excluding taxicab)"
                },
                "B08105A005": {
                    "indent": 1,
                    "name": "Walked"
                },
                "B08105A006": {
                    "indent": 1,
                    "name": "Taxicab, motorcycle, bicycle, or other means"
                },
                "B08105A007": {
                    "indent": 1,
                    "name": "Worked at home"
                }
            },
            "denominator_column_id": "B08105A001",
            "title": "Means of Transportation to Work (White Alone)",
            "universe": "White Alone Workers 16 Years and Over"
        }
    }
}